Time (s),Total Mass Discharged (kg),Oxidizer Tank Pressure (Pa),Chamber Pressure (Pa),Mass Flow Rate Oxidizer (kg/s),Mass Flow Rate Fuel (kg/s),O/F Ratio,Grain ID (m),Nozzle Mass Flow Rate (),Regression Rate (m/s),Fuel Mass (kg),dP (Pa),Isp (s)
0.0,0.0,0.0,202542.74220080767,5.393645994276026,0.0,3.906186348936745,0.0,0.0,0.0,0.0,0.0,0.0
0.01,17.94606354005724,6516000.000000045,299361.9736538945,5.350970936794423,1.3807958741507977,3.8889297579139654,0.10005860279700587,0.4622999716075562,0.0029301398502932547,3.986192041258492,-3024.3343709744513,196.10660882576653
0.02,17.892553830689295,6512975.66562907,390380.45465016935,5.309796213385599,1.3759494950777154,3.8722168299723565,0.10011696570499909,0.921940925092823,0.002918145399660646,3.972432546307715,-4562.0863628080115,196.06464253983802
0.03,17.83945586855544,6508413.579266262,475110.78470348613,5.270726983041397,1.3712548771251287,3.856296574775455,0.10017509557749946,1.3611927590576114,0.0029064936250185283,3.9587199975364635,-5344.396931484342,195.96788849858257
0.04,17.786748598725026,6503069.182334778,553481.3921206625,5.234012753148304,1.3667846548727394,3.8412773888181118,0.10023300232773143,1.7739957529417476,0.0028953375115987967,3.945052150987736,-5741.270564957522,195.8490649452999
0.05,17.734408471193543,6497327.91176982,625634.1553636914,5.199736583647555,1.3625708907105796,3.827201166249459,0.10029069720201662,2.15811671821762,0.0028847437142595625,3.9314264420806304,-5941.7089509777725,195.72196152191617
0.060000000000000005,17.68241110535707,6491386.202818843,691832.3384928798,5.167890858680964,1.358626410731145,3.814072944770894,0.1003481919621132,2.5134264026837334,0.0028747380048288066,3.917840177973319,-6042.598870945163,195.59318875969169
0.06999999999999999,17.63073219677026,6485343.603947897,752399.6904423111,5.1384118866287425,1.354953335584774,3.8018744376152167,0.10040549843119866,2.8403906605031595,0.0028653234542725917,3.9042906446174714,-6093.624728677794,195.46668758441936
0.08,17.579348077903973,6479249.97921922,807691.8664244176,5.11120420776385,1.351546972669589,3.7905736656730125,0.1004626282059307,3.140420773234866,0.0028564887366024027,3.8907751748907757,-6120.221808197908,195.3444657426622
0.09,17.528236035826335,6473129.757411022,858077.4948253225,5.086152358798915,1.3483985957192475,3.780129653657239,0.10051959248690412,3.4149656337262457,0.0028482140486707475,3.877291188933583,-6135.366467596963,195.22773643265145
0.09999999999999999,17.477374512238345,6466994.390943425,903924.1420579555,5.06312917020121,1.345496801644915,3.7704957982697973,0.1005764019669529,3.665539946317235,0.002840474002439177,3.863836220917134,-6145.638902437873,195.11727021935766
0.11,17.426743220536334,6460848.752040987,945585.8579585735,5.042002314237061,1.3428284875757122,3.7616225760071322,0.10063306676103784,3.893776352267665,0.002833239704246743,3.850407936041377,-6154.3399030305445,195.01331772769933
0.12,17.376323197393962,6454694.412137956,983403.4631351171,5.022640397802325,1.3403796399980723,3.753460100769713,0.10068959636962915,4.101536255637904,0.0028264804295655595,3.837004139641396,-6163.091880682856,194.9159531634011
0.13,17.32609679341594,6448531.3202572735,1017699.6167618891,5.00491338063183,1.3381360832295366,3.7459583708618593,0.1007459996737385,4.290326196708601,0.0028201652054670036,3.8236227788091006,-6172.661274465732,194.82509959836844
0.14,17.27604765960962,6442358.658982808,1048777.1620803466,4.988695364673133,1.3360835559633606,3.739068491209767,0.10080228493317087,4.461689478043812,0.002814262971618461,3.810261943249467,-6183.378390341997,194.74054600131032
0.15000000000000002,17.22616070596289,6436175.280592466,1076918.2889914564,4.97386588831968,1.3342080725188996,3.7327432828599867,0.10085845979997282,4.61708681699404,0.002808743340097529,3.796919862524278,-6195.352858858183,194.66204607948745
0.16,17.176422047079694,6429979.927733608,1102384.6507439818,4.96031081398734,1.3324961057886517,3.726937721596819,0.10091453133951647,4.757897758698825,0.0028035769771824624,3.7835949014663917,-6208.583930304274,194.58941650857932
0.17,17.12681893893982,6423771.343803303,1125417.8327186203,4.947922733217834,1.3309347202780943,3.721609172081077,0.10097050605709267,4.885402241665248,0.002798735878809829,3.770285554263611,-6223.017026802525,194.52206961604816
0.18000000000000002,17.077339711607642,6417548.326776501,1146240.1062996695,4.936601160730069,1.3295116452142175,3.7167175282002978,0.10102638992747476,5.000786358006611,0.0027941935191046117,3.756990437811469,-6238.572723485529,194.45977333891412
0.19,17.02797370000034,6411309.754053015,1165055.391839171,4.926252548295662,1.328215319909033,3.712225272095622,0.10108218842627774,5.1051453598069845,0.0027899249401489475,3.7437082846123784,-6255.161643374711,194.40220551283394
0.2,16.978711174517386,6405054.592409641,1182050.2242664308,4.9167901553222935,1.3270349149675118,3.708097467183142,0.1011379065620933,5.199486169343848,0.002785906790778147,3.730437935462703,-6272.692124199122,194.34899470987685
0.21000000000000002,16.929543272964164,6398781.900285441,1197395.1285384858,4.908133875848932,1.3259603337927726,3.7043017268367318,0.10119354890857259,5.284737573261516,0.0027821173239641348,3.7171783321247753,-6291.074147192761,194.29972624647476
0.22,16.880461934205673,6392490.826138249,1211245.4976167304,4.900209834109751,1.3249822065764083,3.7008080812797317,0.10124911963614297,5.361736085405073,0.002778536378519122,3.7039285100590114,-6310.221353445202,194.25429728185608
0.23,16.831459835864575,6386180.604784803,1223742.7658497863,4.892950179044743,1.3240918541269693,3.6975889218011666,0.10130462254209727,5.431258358712337,0.0027751452977150103,3.6906875915177415,-6330.051937639713,194.2121521301587
0.24000000000000002,16.782530334074128,6379850.552847164,1235016.6961713892,4.886292709710425,1.323281273966305,3.6946188702649683,0.10136006107999555,5.494009866503554,0.0027719268949141997,3.6774547787780785,-6350.489104581997,194.17327428279148
0.25,16.733667406977023,6373500.063742582,1245182.33196984,4.880179943706592,1.322543104252589,3.6918744128223744,0.10141543838745469,5.550568869594548,0.0027688653729569315,3.6642293477355525,-6371.4611825458705,194.13726013408507
0.26,16.684865607539958,6367128.602560036,1254346.1879749838,4.874560696963614,1.3218705183353674,3.6893345749084734,0.10147075730942967,5.601672408553124,0.0027659460987489305,3.651010642552199,-6392.901169639081,194.10385190717292
0.27,16.636120000570322,6360735.701390397,1262604.2117911298,4.869387256366545,1.3212574240666541,3.6869797600754315,0.10152602042975134,5.647728261870076,0.0027631560160834745,3.6377980683115325,-6414.747726409696,194.0728456919025
0.28,16.58742612800666,6354320.953663987,1270043.559966719,4.864616440916091,1.3206981250873269,3.6847922036084815,0.10158123008839848,5.689251654137297,0.0027604829323570512,3.6245910870606592,-6436.94381708093,194.0439974360951
0.29000000000000004,16.5387799635975,6347884.009846906,1276743.0208278666,4.860208836813031,1.32018745484541,3.682755664434164,0.10163638840431011,5.726664741833207,0.002757915795581641,3.611389212512205,-6459.436882149428,194.01711162616695
0.3,16.490177875229367,6341424.572964757,1282773.8871535985,4.856128664269107,1.319720687351051,3.6808553781675,0.10169149729439438,5.760368726114771,0.0027554445042132355,3.5981920056386945,-6482.178479691036,193.99202309702451
0.31,16.441616588586676,6334942.394485066,1288200.6393935673,4.852343418954749,1.3192935242912782,3.6790779148108013,0.10174655849193573,5.7907205831734725,0.0027530598770674724,3.5849990703957815,-6505.124102609232,193.96853516893964
0.32,16.39309315439713,6328437.2703824565,1293081.573266852,4.848823594615126,1.3189020540773961,3.6774110689851467,0.10180157356323229,5.818043324870731,0.002750753564827571,3.5718100498550074,-6528.23291224055,193.94652384500162
0.33,16.344604918450976,6321909.037470216,1297469.374774658,4.845542424503761,1.3185427203147169,3.6758437569520006,0.10185654392286314,5.842629095221586,0.002748517981542795,3.5586246226518603,-6551.467481857166,193.92582498194332
0.34,16.296149494205938,6315357.569988359,1301411.6458689794,4.842475641396042,1.3182122921681718,3.674365920506167,0.1019114708476701,5.864742014700265,0.002746346240348199,3.5454424997301786,-6574.79355012998,193.90632291801305
0.35000000000000003,16.247724737791977,6308782.776438229,1304951.3841497435,4.839601255662205,1.317907836661233,3.672968437674678,0.10196635548953938,5.884620786110964,0.002744232093463458,3.532263421363566,-6598.179786736146,193.88788767520498
0.36000000000000004,16.199328725235354,6302184.596651493,1308127.4196594974,4.836899350659863,1.3176266929007732,3.6716430400400797,0.10202119888706808,5.902481074197454,0.0027421698764353497,3.5190871544345583,-6621.5975698474795,193.87041314187877
0.37,16.150959731728754,6295562.999081645,1310974.8125229932,4.834351894717785,1.3173664481847513,3.670382236490336,0.10207600197619837,5.9185176897213,0.002740154456514534,3.505913489952711,-6645.020776791498,193.85381738929843
0.38,16.102616212781577,6288917.978304854,1313525.2140390598,4.831942568538346,1.3171249159434826,3.66917924299429,0.10213076559989928,5.932906553221331,0.0027381811850452674,3.492742240793276,-6668.425587770529,193.83806931334254
0.39,16.05429678709619,6282249.552717083,1315807.1944629473,4.829656607299246,1.316900115404328,3.6680279181757918,0.1021854905169717,5.945806507160694,0.0027362458536208598,3.479573239639233,-6691.79030243028,193.8229431642242
0.4,16.0060002210232,6275557.762414653,1317846.5402350836,4.8274806563459505,1.3166902529196571,3.666922704284395,0.10224017741004897,5.95736094952363,0.0027343446538629205,3.4664063371100364,-6715.095168971457,193.8084444538861
0.41000000000000003,15.957725414459741,6268842.667245681,1319666.523287395,4.825402639527911,1.3164937048456384,3.6658585732175215,0.10229482689286046,5.967699318983811,0.0027324741405746968,3.45324140006158,-6738.322225979529,193.79434987122164
0.42000000000000004,15.909471388064462,6262104.345019702,1321288.144881521,4.823411639232557,1.3163090018752848,3.664830977240459,0.10234943951682152,5.976938441681439,0.002730631198053048,3.440078310042827,-6761.455155645497,193.78090088697337
0.43,15.861237271672136,6255342.889864056,1322730.3562514614,4.821497787205141,1.3161348147260217,3.6638358040575287,0.10240401577700828,5.98518375140165,0.0027288130093382048,3.426916961895567,-6784.479148294777,193.76788562222285
0.44,15.813022293800085,6248558.410715762,1324010.258155899,4.819652165287694,1.3159699410834829,3.662869335900477,0.10245855611757197,5.992530394456664,0.0027270170281845623,3.413757262484732,-6807.380777503364,193.75526836763063
0.45,15.764825772147208,6241751.029938258,1325143.2812675422,4.817866715255326,1.3158132937064857,3.6619282123139545,0.10251306093664285,5.999064229231604,0.0027252409535436116,3.4005991295476674,-6830.1478850850835,193.74298749703829
0.46,15.716647104994655,6234920.882053173,1326143.3491817208,4.816134156983254,1.3156638896017405,3.661009396336783,0.10256753059077002,6.0048627304829045,0.0027234827063586336,3.38744249065165,-6852.769475682639,193.73101942941054
0.47000000000000003,15.668485763424822,6228068.1125774905,1327023.025658924,4.814447914223323,1.3155208401820253,3.6601101437932524,0.10262196539893967,6.009995806412572,0.0027217404084824977,3.37428728224983,-6875.235619163141,193.7193147229196
0.48000000000000004,15.620341284282588,6221192.876958327,1327793.6475955793,4.8128020473270166,1.3153833423257975,3.659227975430203,0.10267636564621047,6.014526537493802,0.002720012363539635,3.361133448826572,-6897.537362229079,193.70784930283833
0.49,15.572213263809319,6214295.339596098,1328465.4450690334,4.811191192293229,1.3152506702622682,3.658360651650561,0.1027307315870018,6.018511843342567,0.002718297039566662,3.3479809421239493,-6919.66664648056,193.69658607217883
0.5,15.524101351886387,6207375.672949618,1329047.6496934523,4.809610505574751,1.315122168210108,3.6575061496153576,0.10278506344806732,6.0220030852932735,0.0027165930532755058,3.334829720441848,-6941.616233693436,193.68550056761745
0.51,15.476005246830638,6200434.056715924,1329548.5924019383,4.808055614117449,1.3149972437040345,3.6566626425014173,0.10283936143118325,6.025046610174167,0.002714899155796229,3.3216797480048075,-6963.379637565464,193.67455531444787
0.52,15.427924690689464,6193470.677078359,1329975.7916792433,4.806522570154139,1.3148753615478175,3.655828480720707,0.10289362571557857,6.02768424137321,0.002713214219766286,3.3085309943893293,-6984.951061262749,193.66375123816493
0.53,15.379859464987922,6186485.726017096,1330336.0331587512,4.8050078103101495,1.3147560383376042,3.6550021749208748,0.10294785646013146,6.029953721627634,0.002711537227644683,3.295383434005953,-7006.325339647941,193.65303771960794
0.54,15.33180938688482,6179479.400677448,1330635.441428376,4.803508118622388,1.3146388375033375,3.6541823806044156,0.10300205380535422,6.0318891130157795,0.0027098672611380755,3.28223704563092,-7027.49788765423,193.64242833075312
0.55,15.283774305698596,6172451.902789794,1330879.5447980664,4.802020593101892,1.3145233648211805,3.653367884214934,0.10305621787518697,6.033521157401864,0.002708203491636999,3.269091811982708,-7048.464652018622,193.63188508102812
0.56,15.235754099767577,6165403.438137775,1331073.3337162577,4.800542615507671,1.3144092643530176,3.652557590554231,0.10311034877861831,6.03487760181887,0.0027065451715674077,3.255947719339178,-7069.222067560069,193.62140851540317
0.5700000000000001,15.1877486736125,6158334.216070215,1331221.3134534876,4.799071824027118,1.314296214773508,3.6517505114049564,0.10316444661114976,6.035983491867761,0.002704891626572243,3.242804757191443,-7089.767017330043,193.61097333129143
0.5800000000000001,15.139757955372229,6151244.449052885,1331327.5516165355,4.797606088587318,1.314183926048318,3.6509457552452793,0.10321851145611866,6.036861436433793,0.0027032422484446405,3.22966291793096,-7110.096796168014,193.60056703435663
0.59,15.091781894486356,6144134.352256717,1331395.7209962013,4.7961434885453205,1.314072136430579,3.6501425179517213,0.10327254338589349,6.037531846276771,0.002701596488741801,3.216522196566654,-7130.209076948464,193.5901770640871
0.6,15.043820459600903,6137004.143179769,1331429.1382074992,4.794682292530886,1.3139606097453636,3.6493400743965774,0.10332654246295378,6.038013149367827,0.002699953853014536,3.2033825904692,-7150.101880284026,193.57980372528343
0.61,14.995873636675594,6129854.041299485,1331430.7985355915,4.793220940234763,1.3138491329349984,3.6485377708543933,0.10338050874086566,6.03832198501558,0.002698313895594025,3.19024409913985,-7169.773546693847,193.56942142400496
0.62,14.947941427273246,6122684.267752791,1331403.407361914,4.7917580259554535,1.3137375138403224,3.6477350181400525,0.10343444226516331,6.038473378909084,0.0026966762148823193,3.1771067240014466,-7189.222710741684,193.55904304137212
0.63,14.900023847013692,6115495.045042049,1331349.4085005708,4.79029228373399,1.3136255791953682,3.6469312854078573,0.10348834307414527,6.038480900875248,0.0026950404490982158,3.163970468209493,-7208.448277737945,193.54864342283872
0.64,14.852120924176353,6108286.596764311,1331271.009756527,4.788822573926582,1.3135131728148983,3.646126094549351,0.10354221119959396,6.038356807471017,0.0026934062724344073,3.150835336481344,-7227.449402498081,193.5382224385489
0.65,14.804232698437087,6101059.147361813,1331170.2059731449,4.787347871072566,1.3134001539566789,3.645319015130688,0.1035960466674257,6.038112170160709,0.002691773391587006,3.1377013349417773,-7246.225469480269,193.5277802129507
0.66,14.756359219726361,6093812.921892333,1331048.7998193714,4.785867252935144,1.3132863958412526,3.644509659818706,0.1036498494982781,6.03775699121959,0.002690141542620558,3.1245684709833648,-7264.776074869558,193.51730387783846
0.67,14.70850054719701,6086548.145817463,1330908.4205359619,4.7843798905996575,1.3131717843143853,3.6436976802477914,0.10370361970804083,6.0373003080867695,0.002688510488136768,3.1114367531402207,-7283.101010300219,193.5067935032223
0.68,14.660656748291014,6079265.044807163,1330750.5408463166,4.782885039528866,1.3130562166382294,3.642882763285724,0.10375735730833517,6.036750287644631,0.002686880014717085,3.0983061909738385,-7301.200247379951,193.49623615295772
0.6900000000000001,14.612827897895725,6071963.844559783,1330576.4922075898,4.78138203147976,1.3129396003990281,3.6420646276588275,0.10381106230694744,6.0361143109958695,0.002685249930613086,3.0851767949698483,-7319.073924008757,193.4856318480532
0.7000000000000001,14.565014077580928,6064644.770635774,1330387.4785691702,4.77987026720103,1.3128218525197621,3.6412430209027233,0.10386473470822064,6.035399050197228,0.0026836200636599036,3.072048576444651,-7336.722331579775,193.47498077930027
0.7100000000000001,14.517215374908918,6057308.048304195,1330184.5887822665,4.778349209833611,1.3127028983679376,3.6404177166064033,0.10391837451340848,6.034610537268327,0.0026819902593917273,3.0589215474609714,-7354.145903303288,193.4642695530921
0.72,14.469431882810582,6049953.902400891,1329968.8077961004,4.776818378947676,1.3125826709490875,3.6395885119218865,0.10397198172099527,6.033754226609226,0.0026803603793392715,3.0457957207514808,-7371.345203275792,193.45351136259004
0.73,14.421663699021105,6042582.5571976155,1329741.0267583209,4.7752773451529,1.3124611101778851,3.6387552253131092,0.10402555632698511,6.032835051153499,0.002678730299491914,3.032671109649702,-7388.32091662474,193.44269315652227
0.74,14.373910925569575,6035194.236280991,1329502.0521276398,4.77372572522725,1.3123381622191954,3.6379176945212524,0.10407909832516328,6.0318574731174195,0.0026770999089081498,3.01954772802751,-7405.073840355501,193.4318018419081
0.75,14.326173668317303,6027789.162440635,1329252.613896381,4.7721631777139395,1.312213778892397,3.637075774725507,0.10413260770733249,6.030825529770218,0.0026754691084601464,3.006425590238586,-7421.604874940589,193.42086344879726
0.76,14.278452036540163,6020367.557565695,1328993.373009108,4.770589398940808,1.3120879171328506,3.636229336880199,0.10418608446352648,6.029742874694586,0.0026738378096993584,2.9933047110672577,-7437.915016369894,193.409851816719
0.77,14.230746142550755,6012929.642549325,1328724.9280592313,4.769004119421773,1.3119605385049402,3.6353782662114473,0.1042395285822031,6.028612815084852,0.0026722059338313356,2.9801851056822084,-7454.005349164829,193.3987668550749
0.78,14.183056101356538,6005475.63720016,1328447.8213300903,4.767407100602043,1.3118316087617798,3.63452246085738,0.10429294005041889,6.027438345239129,0.00267057341078928,2.9670667895945906,-7469.877039452083,193.387628939374
0.79,14.135382030350517,5998005.760160708,1328162.5442465497,4.765798131915699,1.3117010974469028,3.633661830638798,0.10434631885398682,6.026222177021291,0.002668940178396412,2.9539497786201214,-7485.531329066493,193.37641009853544
0.8,14.08772404903136,5990520.228831641,1327869.5422989766,4.764177028124843,1.3115689775341233,3.6327962959474442,0.104399664977619,6.024966767256379,0.002667306181609021,2.94083408884478,-7500.969529578462,193.36513074221978
0.81,14.040082278750111,5983019.259302063,1327569.2194838256,4.762543626910793,1.3114352251018058,3.6319257867395502,0.10445297840505564,6.0236743422309935,0.0026656713718322136,2.927719736593762,-7516.19301716052,193.35376457152182
0.8200000000000001,13.992456842481003,5975503.066284902,1327261.9423135454,4.760897786696837,1.311299819037938,3.6310502416261023,0.10450625911918165,6.022346920215223,0.0026640357063007327,2.914606738403383,-7531.203227671795,193.34233768013598
0.8300000000000001,13.944847864614035,5967971.863057231,1326948.0434375566,4.759239384677575,1.3111627407735214,3.6301696070494303,0.10455950710213205,6.020986331497654,0.0026623991475195306,2.9014951109956475,-7546.001651871018,193.3308237263059
0.8400000000000001,13.89725547076726,5960425.86140536,1326627.824908669,4.757568315034756,1.3110239740412137,3.6292838365376823,0.1046127223353872,6.019594236491039,0.002660761662757624,2.8883848712552354,-7560.589831502177,193.31932004764545
0.85,13.849679787616912,5952865.271573857,1326301.5611360297,4.75588448732396,1.3108835046567895,3.6283928900307103,0.104665904799859,6.018172142278942,0.0026591232235900686,2.8752760362086676,-7574.969354932196,193.30765775982206
0.86,13.802120942743672,5945290.302218925,1325969.5015455955,4.754187825012004,1.31074132032149,3.6274967332688983,0.10471905447596869,6.016721417199742,0.002657483805483949,2.8621686230054526,-7589.141853775829,193.29592114634227
0.87,13.754579064493551,5937701.160365149,1325631.8729900292,4.752478264155631,1.3105974104428193,3.626595337241054,0.10477217134371715,6.015243304544071,0.002655843387423249,2.8490626489010245,-7603.108999336138,193.28411007952016
0.88,13.707054281851995,5930098.051365813,1325288.881917014,4.750755752201173,1.310451765972626,3.625688677682825,0.10482525538274855,6.013738934186221,0.0026542019515700854,2.835958131241298,-7616.872499240562,193.27221125413098
0.89,13.659546724329983,5922481.178866573,1324940.716332663,4.749020246901183,1.3103043792599913,3.624776734624013,0.1048783065724077,6.012209333938908,0.0026525594829571396,2.822855087448698,-7630.4340946841985,193.26025087312962
0.9,13.612056521860971,5914850.7447718885,1324587.5475733841,4.747271715330406,1.3101552439184325,3.623859491977391,0.1049313248917919,6.010655439083444,0.002650915969210167,2.8097535350095137,-7643.795557431877,193.24820244504937
0.91,13.564583804707667,5907206.949214457,1324229.5319051112,4.7455101329947675,1.3100043547052689,3.6229369371663926,0.10498431031979782,6.0090781013390355,0.0026492714002961035,2.796653491462461,-7656.9586871434,193.2360658023452
0.92,13.517128703377718,5899549.990527313,1323866.8119697468,4.743735483024329,1.3098517074123772,3.622009060787894,0.10503726283516372,6.007478096950009,0.0026476257682950927,2.783554974388337,-7669.925309104845,193.22386719936125
0.93,13.469691348547475,5891880.065218208,1323499.5180894954,4.7419477554407345,1.309697298767228,3.6210758563061303,0.10509018241650761,6.005856133820433,0.0026459790671941154,2.770458001400665,-7682.697271654382,193.21158007983811
0.9400000000000001,13.422271870993066,5884197.367946554,1323127.769445834,4.740146946493969,1.3095411263430445,3.6201373197755773,0.1051430690423616,6.004212858190111,0.0026443312926997717,2.7573625901372347,-7695.276444296353,193.19921750099496
0.9500000000000001,13.374870401528126,5876502.091502258,1322751.6751465946,4.738333058060732,1.3093831884774536,3.61919344958958,0.10519592269120298,6.002548860502111,0.0026426824420688784,2.7442687582524603,-7707.664715152234,193.18676607635066
0.9600000000000001,13.327487070947518,5868794.426787105,1322371.335185925,4.736506097097195,1.3092234841986863,3.61824424625172,0.10524874334148208,6.000864680630031,0.0026410325139549005,2.7311765234104732,-7719.863989654928,193.17423887841815
0.97,13.280122009976546,5861074.56279745,1321986.8413160413,4.734666075144854,1.3090620131584332,3.6172897121693772,0.10530153097164745,5.999160812938886,0.002639381508268354,2.718085903278889,-7731.876188219525,193.16163575818192
0.98,13.232775349225097,5853342.686609231,1321598.2778307744,4.732813007879407,1.3088987755712158,3.616329851465251,0.10535428556016846,5.9974377103831475,0.0026377294260508345,2.704996915523177,-7743.703244909644,193.14895656383112
0.99,13.185447219146303,5845598.983364321,1321205.7222769163,4.73094691470354,1.3087337721590255,3.6153646698072652,0.10540700708555566,5.995695788684399,0.002636076269360108,2.6919095778015865,-7755.347105434164,193.13618786148723
1.0,13.138137749999267,5837843.636258887,1320809.2460952993,4.729067818375087,1.3085670041013446,3.614394174253238,0.10545969552637899,5.993935429690626,0.0026344220411664435,2.678823907760573,-7766.809725981206,193.12334275801877
1.01,13.090847071815515,5830076.826532906,1320408.915198984,4.7271757446701965,1.3083984729895017,3.6134183731101848,0.10551235086128415,5.992156984691994,0.002632766745258045,2.665739923030678,-7778.093071643263,193.1104077951941
1.02,13.043575314368814,5822298.733461263,1320004.7904979754,4.725270722077785,1.3082281807853224,3.6124372758067125,0.10556497306900725,5.990360777386078,0.0026311103861554473,2.6526576412228247,-7789.199114956893,193.09739609668435
1.03,12.996322607148036,5814509.534346306,1319596.928372395,4.723352781520589,1.3080561297836126,3.6114508927765105,0.10561756212838792,5.988547106370054,0.002629452969033927,2.6395770799249885,-7800.129834732972,193.0843075036342
1.04,12.94908907933283,5806709.404511573,1319185.3810994893,4.721421956101877,1.3078823225779044,3.610459235352583,0.10567011801838098,5.986716247572861,0.002627794499652744,2.626498256699209,-7810.887214979157,193.07114735538627
1.05,12.901874859771812,5798898.517296594,1318770.1972401224,4.719478280875558,1.3077067620293468,3.609462315671251,0.10572264071806681,5.984868456431402,0.0026261349842909448,2.613421189078916,-7821.473243378103,193.0578911622404
1.06,12.854680076963056,5791077.0440532155,1318351.4219893422,4.717521792636371,1.3075294512384672,3.6084601465845534,0.10577513020666059,5.983003969789938,0.0026244744296891618,2.600345894566531,-7831.889910681173,193.04455756868498
1.07,12.807504859036692,5783245.154142534,1317929.0974890154,4.715552529728497,1.3073503935193955,3.607452741580337,0.10582758646352051,5.981123007577489,0.0026228128429965514,2.587272390631337,-7842.139209102839,193.03114640909587
1.08,12.760349333739407,5775403.0149334315,1317503.2631158754,4.7135705318729695,1.307169592376345,3.6064401147102205,0.10588000946815497,5.979225774631777,0.002621150231722449,2.5742006947075735,-7852.223132202402,193.0176575183738
1.09,12.713213628420677,5767550.791801229,1317073.9557374828,4.711575840008131,1.3069870514824027,3.605422280522988,0.10593239920022883,5.97731246180259,0.002619486603692823,2.5611308241927495,-7862.14367284067,193.00407734264002
1.1,12.666097870020595,5759688.648128388,1316641.2099460738,4.709568496145873,1.3068027746599185,3.604399254004601,0.10598475563956904,5.97538324750302,0.002617821967010083,2.54806279644615,-7871.902823431417,192.99041907835624
1.11,12.619002185059136,5751816.745304957,1316205.0582670874,4.70754854323956,1.3066167658628256,3.6033710505230703,0.10603707876616937,5.973438298724662,0.0026161563300168963,2.534996628787522,-7881.502574420534,192.9766825548373
1.12,12.57192669962674,5743935.2427305365,1315765.5313522478,4.705516025064944,1.3064290291604042,3.60233768577878,0.10608936856019463,5.971477772255401,0.002614489701263021,2.521932338495918,-7890.944913673215,192.96286760177293
1.1300000000000001,12.524871539376091,5736044.297816863,1315322.658149351,4.70347098610886,1.3062395687226283,3.601299175758036,0.10614162500198414,5.96950181536006,0.002612822089475421,2.508869942808692,-7900.231825871393,192.94897404673316
1.1400000000000001,12.477836829515002,5728144.065990992,1314876.4660573818,4.701413471470245,1.3060483888064722,3.600255536691787,0.10619384807205474,5.967510566921394,0.0026111535035304016,2.495809458920627,-7909.365291653201,192.93498827403343
1.1500000000000001,12.4308226948003,5720234.700699339,1314426.9810685494,4.699343526768545,1.3058554937437281,3.5992067850174148,0.10624603775110332,5.9655041581123935,0.0026094839524288664,2.48275090398319,-7918.347287197597,192.92093698136196
1.1600000000000001,12.383829259532614,5712316.353412141,1313974.2278920515,4.6972611980593335,1.3056608879297296,3.5981529373435417,0.10629819402000878,5.963482712991669,0.0026078134452734666,2.4696942951038925,-7927.1797831645235,192.9067930976977
1.17,12.336856647552022,5704389.173628977,1313518.2300720701,4.695166531759149,1.3054645758129575,3.5970940104186995,0.10635031685983373,5.961446349407141,0.0026061419912475933,2.456639649345763,-7935.864744715393,192.89256988717216
1.18,12.28990498223443,5696453.308884261,1313059.0100884535,4.693059574573719,1.3052665618857804,3.5960300211013827,0.10640240625182566,5.9593951792035655,0.0026044695995967038,2.443586983726905,-7944.4041303973645,192.87826717083544
1.19,12.242974386488694,5688508.904753864,1312596.5894515165,4.690940373435211,1.3050668506756073,3.59496098633391,0.10645446217741787,5.957329309094912,0.0026027962796105345,2.430536315220149,-7952.799892029725,192.8638847690748
1.2,12.196064982754342,5680556.104861834,1312130.9887861614,4.688808975442821,1.3048654467371468,3.593886923117645,0.10650648461823002,5.955248840899643,0.0026011220406075863,2.4174876607527778,-7961.053973895498,192.8494225005602
1.21,12.149176892999913,5672595.050887939,1311662.2279078807,4.686665427808949,1.304662354645078,3.592807848490567,0.10655847355606843,5.953153872056381,0.0025994468919204768,2.404441037206327,-7969.1683125421405,192.83488018309185
1.22,12.102310238721824,5664625.882575396,1311190.325891637,4.684509777809842,1.304457578987404,3.591723779506704,0.10661042897292608,5.951044496002841,0.0025977708428827065,2.3913964614164533,-7977.1448363196105,192.82025763295584
1.23,12.055465140943726,5656648.737739077,1310715.3011335563,4.682342072740318,1.3042511243593524,3.5906347332172563,0.10666235085098241,5.948920802505684,0.002596093902816557,2.3783539501728597,-7984.985464678146,192.80555466504222
1.24,12.008641720216323,5648663.752274399,1310237.171408427,4.680162359872205,1.304042995357781,3.58954072665329,0.10671423917260285,5.946782878001089,0.002594416081022036,2.365313520219282,-7992.692108196206,192.79076233373604
1.25,11.961840096617602,5640671.0601662025,1309755.9539180412,4.6779706864153185,1.3038331965760301,3.588441776809463,0.10676609392033819,5.944630805770249,0.0025927373867667483,2.3522751882535218,-8000.266667936929,192.77589801754254
1.26,11.915060389753448,5632670.793498266,1309271.6653387048,4.675767099483461,1.3036217325990926,3.587337900629872,0.10681791507692372,5.942464666404436,0.002591057829276435,2.3392389709275307,-8007.711035205983,192.76095272189858
1.27,11.868302718758613,5624663.08246306,1308784.3218620769,4.67355164606101,1.3034086079993972,3.5862291149941243,0.10686970262527826,5.940284537799981,0.002589377417726757,2.3262048848475367,-8015.027091253549,192.7459262573254
1.28,11.821567202298004,5616648.055371806,1308293.9392325836,4.671324372973242,1.3031938273326598,3.5851154367049665,0.10692145654850296,5.938090495490483,0.002587696161235248,2.3131729465742104,-8022.216706978157,192.7308184331165
1.29,11.774853958568272,5608625.838664828,1307800.532779048,4.669085326858703,1.3029773951341985,3.5839968824767783,0.10697317682988004,5.935882612798406,0.002586014068854208,2.3001431726228683,-8029.281742591411,192.71562905619066
1.3,11.728163105299686,5600596.556922236,1307304.1174474757,4.666834554144867,1.3027593159154918,3.5828734689254285,0.10702486345287132,5.933660961126338,0.0025843311495641107,2.2871155794637135,-8036.2240474410355,192.70037156229463
1.31,11.681494759758237,5592560.332874795,1306804.7078270386,4.664572101023331,1.3025395941611464,3.58174521255793,0.10707651640111668,5.9314256098534,0.0025826474122678388,2.274090183522102,-8043.045459704474,192.68501851211943
1.32,11.634849038748005,5584517.287415091,1306302.3181746223,4.66229801342888,1.3023182343258,3.580612129763708,0.10712813565843238,5.92917662669045,0.0025809628657848115,2.2610670011788443,-8049.747806213796,192.66959697889217
1.33,11.588226058613715,5576467.539608877,1305796.962436351,4.660012337019438,1.302095240831504,3.5794742368062478,0.1071797212088093,5.926914077731728,0.0025792775188460803,2.2480460487705294,-8056.332902377471,192.654122643736
1.34,11.541625935243522,5568411.2067065,1305288.654269476,4.65771511715806,1.301870618065208,3.578331549815573,0.10723127303641108,5.924638027599745,0.0025775913800896474,2.2350273425898775,-8062.802551573142,192.63853606106179
1.35,11.49504878407194,5560348.404154927,1304777.4070576192,4.655406398894601,1.3016443703765008,3.5771840847805985,0.10728279112557221,5.92234853939767,0.002575904458056303,2.2220108988861123,-8069.158545598388,192.62288046288117
1.36,11.448494720082994,5552279.245609328,1304263.2339290075,4.653086226951436,1.3014165020753004,3.5760318575431627,0.10733427546079592,5.9200456750672075,0.0025742167611853724,2.208996733865359,-8075.402663964778,192.60712828056282
1.37,11.40196385781348,5544203.842945363,1303746.147770248,4.650754645707599,1.301187017430052,3.5748748837914013,0.10738572602675216,5.917729495194451,0.002572528297811487,2.1959848636910584,-8081.536674080417,192.59130670596568
1.3800000000000001,11.355456311356404,5536122.306271283,1303226.1612386017,4.648411699185629,1.3009559206657195,3.5737131790542427,0.10743714280827538,5.915400059245512,0.002570839076160958,2.182975304484401,-8087.56233093515,192.57540184517268
1.3900000000000001,11.308972194364548,5528034.743940348,1302703.2867752372,4.6460574310392815,1.3007232159621152,3.572546758696269,0.10748852579036235,5.913057425634762,0.002569149104348818,2.16996807232478,-8093.481377206743,192.55941349500785
1.4000000000000001,11.262511620054156,5519941.262563141,1302177.5366148686,4.64369188454103,1.3004889074523323,3.5713756379124697,0.10753987495816987,5.910701651650417,0.0025674583903760925,2.1569631832502565,-8099.29554290697,192.54335520285449
1.4100000000000001,11.216074701208745,5511841.967020234,1301648.922794065,4.64131510257158,1.3002529992211482,3.5701998317238526,0.1075911902970124,5.908332793646928,0.0025657669421270063,2.143960653258045,-8105.006545553915,192.52721303337194
1.42,11.16966155018303,5503736.96047468,1301117.457161613,4.638927127610551,1.3000154953036747,3.569019354973518,0.10764247179235974,5.9059509071076794,0.002564074767366696,2.130960498305008,-8110.6160896439105,192.51098677961156
1.43,11.123272278906924,5495626.344385036,1300583.151384691,4.6365280017256945,1.299776399684157,3.5678342223221335,0.10769371942983452,5.903556046512246,0.0025623818737392167,2.117962734308166,-8116.125867410563,192.49467623201718
1.44,11.076906998889667,5487510.218517626,1300046.0169570984,4.63411776656525,1.2995357162945758,3.5666444482447037,0.10774493319520982,5.9011482655657,0.0025606882687651696,2.10496737714522,-8121.537557698786,192.47832323261363
1.45,11.030565821224014,5479388.680959927,1299506.0652033275,4.631696463348691,1.2992934490136507,3.5654500470266632,0.10779611307440662,5.898727617067892,0.002558993959840128,2.0919744426550837,-8126.852826935239,192.46185740034232
1.46,10.984248856590527,5471261.828132992,1298963.3072858502,4.62926413286044,1.2990496016656305,3.564251032761224,0.10784725905349127,5.896294153143775,0.002557298954232642,2.0789839466384272,-8132.073328284547,192.4453205012203
1.47,10.937956215261924,5463129.754804707,1298417.7542094244,4.626820815441565,1.2988041780194564,3.563047419345838,0.10789837111867293,5.8938479250469165,0.0025556032590829925,2.065995904858233,-8137.200702250935,192.4286985156915
1.48,10.891688007107508,5454992.554102456,1297869.4167805193,4.624366550983598,1.2985571817876709,3.5618392204795857,0.10794944925630096,5.891388983322473,0.0025539068814014387,2.053010333040356,-8142.236576153897,192.4119912275414
1.49,10.845444341597672,5446850.317526302,1297318.3057459923,4.621901378947241,1.2983086166255835,3.5606264496710667,0.10800049345286229,5.888917380429675,0.0025522098280669845,2.0400272468741005,-8147.182564589195,192.39521229258352
1.5,10.7992253278082,5438703.134961713,1296764.4316605187,4.619425338281546,1.298058486133589,3.559409120204143,0.10805150369497894,5.886433160258795,0.002550512105832334,2.0270466620127645,-8152.040269011632,192.37834764689345
1.51,10.753031074425385,5430551.0946927015,1296207.804934677,4.616938467494216,1.2978067938468976,3.558187245167688,0.10810247996940503,5.8839363739256845,0.002548813721304111,2.0140685940742955,-8156.811277979985,192.36141097241145
1.52,10.706861689750443,5422394.2834147215,1295648.4358373412,4.614440804621521,1.2975535432443583,3.556960837442798,0.10815342226302424,5.881427069273696,0.0025471146809606304,2.001093058641852,-8161.497167056426,192.344388176015
1.53,10.660717281704228,5414232.786247665,1295086.3344993272,4.611932387223634,1.297298737744601,3.5557299097007764,0.10820433056284713,5.878905293512954,0.0025454149911447125,1.9881200712644058,-8166.099499060772,192.32729296319184
1.54,10.614597957831991,5406066.686748604,1294521.5109159304,4.60941325237964,1.2970423807053837,3.5544944744009634,0.10825520485600838,5.8763710931406035,0.0025437146580628203,1.975149647457352,-8170.6198237212375,192.3101112124375
1.55,10.568503825308195,5397896.066924883,1293953.9749464665,4.606883436683053,1.2967844754228972,3.553254543788782,0.10830604512976406,5.873824513999281,0.0025420136877841093,1.962181802703123,-8175.059678060934,192.29284269895214
1.56,10.522434990941365,5389721.007246822,1293383.7363184132,4.604342976239216,1.2965250251311302,3.5520101298945717,0.10835685137148886,5.871265601447988,0.0025403120862395974,1.9492165524518117,-8179.42058628425,192.2755151342777
1.57,10.476391561178973,5381541.586660538,1292810.8046279305,4.601791906660314,1.2962640330014708,3.550761244531407,0.1084076235686733,5.868694400087752,0.0025386098592218025,1.936253912121797,-8183.704059796408,192.2580864293862
1.58,10.43037364211237,5373357.882600741,1292235.1893400347,4.599230263062384,1.2960015021420037,3.5495078992937463,0.10845836170892097,5.866110953968579,0.002536907012383782,1.923293897100377,-8187.911597369239,192.24058610329968
1.59,10.384381339481745,5365169.971003372,1291656.8997903904,4.5966580800627765,1.2957374355970592,3.54825010555629,0.10850906577994573,5.863515306606277,0.0025352035512386686,1.9103365227444065,-8192.044685067609,192.22301036523533
1.6,10.338414758681118,5356977.926318305,1291075.9451872855,4.594075391776647,1.295471836346812,3.54698787447239,0.10855973576956893,5.8609075008838625,0.002533499481159305,1.8973818043809383,-8196.104796497151,192.20534681028872
1.61,10.292474004763351,5348781.821521807,1290492.3346112357,4.591482231813692,1.2952047073067623,3.545721216972585,0.10861037166571648,5.858287579036121,0.002531794807377644,1.8844297573078708,-8200.09339254722,192.1876092452457
1.62,10.246559182445214,5340581.72812926,1289906.0770157082,4.588878633275929,1.294936051327239,3.544450143763559,0.10866097345641616,5.855655582785679,0.0025300895349842007,1.8714803967945983,-8204.011922027916,192.16976651093506
1.6300000000000001,10.200670396112455,5332377.716207232,1289317.1812271262,4.586264628755332,1.2946658711930357,3.5431746653270304,0.10871154112979471,5.853011553274256,0.002528383668927761,1.8585337380826679,-8207.861821147613,192.1518664316112
1.6400000000000001,10.154807749824903,5324169.854386085,1288725.6559470703,4.583640250331754,1.2943941696230281,3.541894791918769,0.10876207467407502,5.850355531102353,0.0025266772140150498,1.8455897963864376,-8211.644513936713,192.13389173952947
1.6500000000000001,10.108971347321585,5315958.209872148,1288131.50975153,4.581005529569691,1.2941209492698216,3.540610533567102,0.10881257407757322,5.84768755619634,0.0025249701749104634,1.8326485868937394,-8215.361412293278,192.1158281455057
1.6600000000000001,10.063161292025889,5307742.848459855,1287534.7510913063,4.578360497516943,1.2938462127192538,3.539321900072232,0.10886303932869593,5.8450076679794165,0.0025232625561355192,1.8197101247665468,-8219.013915889896,192.09768952188017
1.6700000000000002,10.01737768705072,5299523.834543965,1286935.3882921562,4.5757051847023815,1.293569962490133,3.538028901005168,0.1089134704159373,5.842315905301713,0.0025215543620687618,1.8067744251416455,-8222.603412746452,192.07946154814664
1.68,9.971620635203696,5291301.231131218,1286333.429554982,4.573039621134289,1.2932922010338597,3.536731545706882,0.1089638673278762,5.839612306453097,0.002519845596945449,1.7938415031313069,-8226.131278755143,192.061158123413
1.69,9.925890238992352,5283075.099852463,1285728.8829568105,4.570363836298587,1.2930129307341256,3.5354298432874254,0.10901423005317336,5.836896909158284,0.0025181362648573754,1.7809113738239657,-8229.598878077231,192.04277900740814
1.7,9.880186600629367,5274845.500974386,1285121.7564499788,4.5676778591566505,1.2927321539065888,3.5341238026248645,0.1090645585805684,5.834169750527762,0.0025164263697526625,1.7679840522848997,-8233.007563238032,192.02430969324993
1.71,9.8345098220378,5266612.493411148,1284512.0578624785,4.564981718144176,1.292449872798498,3.532813432364651,0.10911485289887711,5.831430867161786,0.002514715915435442,1.7550595535569147,-8236.358675321564,192.0057643038535
1.72,9.788860004856359,5258376.134735826,1283899.7948972832,4.562275441169614,1.2921660895884484,3.5314987409188094,0.10916511299698843,5.8286802950801935,0.002513004905565798,1.7421378926610303,-8239.65354379639,191.98712843833667
1.73,9.743237250444663,5250136.48119203,1283284.9751340642,4.559559055612996,1.291880806386079,3.5301797364652776,0.10921533886386162,5.825918069781324,0.002511293343659593,1.7292190845971696,-8242.893487008289,191.9684302788982
1.74,9.697641659888532,5241893.587705022,1282667.6060276283,4.556832588323714,1.2915940252318208,3.5288564269468066,0.10926553048852339,5.82314422609746,0.002509581233088394,1.7163031443448513,-8246.079811903648,191.9496412082064
1.75,9.652073334005294,5233647.507893118,1282047.6949087698,4.5540960656199685,1.2913057480965073,3.5275288200705592,0.10931568786006497,5.820358798388529,0.0025078685770791287,1.7033900868638863,-8249.213814525865,191.93076097694856
1.76,9.606532373349095,5225398.294078592,1281425.2489831888,4.551349513286985,1.2910159768811968,3.5261969233071846,0.10936581096763925,5.81756182039678,0.002506155378714154,1.6904799270950743,-8252.296779938042,191.91181785331332
1.77,9.561018878216226,5217145.997298654,1280800.2753318588,4.548592956576472,1.2907247134168331,3.524860743890405,0.10941589980045788,5.814753325360514,0.0025044416409310123,1.677572679960906,-8255.329982285388,191.89278566176955
1.78,9.515532948650462,5208890.667316369,1280172.7809117716,4.545826420205099,1.290431959464069,3.5235202888161967,0.10946595434778833,5.811933345926704,0.0025027273665224957,1.6646683603662653,-8258.314685142599,191.87367336861405
1.79,9.470074684448411,5200632.352631226,1279542.7725544195,4.543049928352893,1.2901377167129549,3.5221755648419153,0.10951597459895106,5.8091019141263,0.002501012558136458,1.6517669831991357,-8261.252141494304,191.8544689941408
1.8,9.424644185164881,5192371.100489732,1278910.2569668645,4.540263504663028,1.28984198678262,3.520826578486016,0.10956596054331658,5.806259061508195,0.002499297218275605,1.6388685633313096,-8264.143593789078,191.83520092500763
1.81,9.379241550118252,5184106.956895943,1278275.2407305376,4.537467172239957,1.2895447712211314,3.519473336027067,0.10961591217030253,5.80340481898362,0.002497581349297627,1.6259731156190982,-8266.990274377167,191.81584032250262
1.82,9.333866878395852,5175839.966621566,1277637.730302162,4.5346609536490705,1.2892460715051317,3.518115843503404,0.10966582946937083,5.800539216960253,0.0024958649534149112,1.6130806549040468,-8269.79340531025,191.7963869279533
1.83,9.288520268859362,5167570.173216255,1276997.7320123715,4.531844870915066,1.2889458890396777,3.516754106712219,0.10971571243002472,5.797662285214115,0.002494148032694634,1.6001911960136501,-8272.554198658094,191.77686921715932
1.84,9.243201820150212,5159297.619017597,1276355.252066339,4.529018945521645,1.28864422515791,3.515388131209237,0.10976556104180589,5.794774053026345,0.0024924305890585254,1.587304753762071,-8275.27385662496,191.75725825464465
1.85,9.197911630694996,5151022.345160972,1275710.296544041,4.526183198410093,1.2883410811208875,3.514017922307882,0.10981537529429154,5.791874549061752,0.0024907126242829595,1.5744213429508622,-8277.953571705148,191.73756817750728
1.86,9.152649798710895,5142744.391589267,1275062.8713982967,4.5233376499780995,1.2880364581172816,3.512643485078558,0.10986515517709151,5.788963801388749,0.002488994139998763,1.5615409783696894,-8280.594526743516,191.71779876824925
1.87,9.107416422211115,5134463.797062524,1274412.982456453,4.520482320079798,1.2877303572630965,3.511264824348444,0.10991490067984534,5.786041837612794,0.0024872751376910805,1.5486636747970584,-8283.197895224206,191.6979353773876
1.8800000000000001,9.062211599010316,5126180.599167299,1273760.6354195448,4.517617228023826,1.2874227796015432,3.50988194470043,0.10996461179221934,5.783108684655724,0.0024855556186995365,1.535789447001043,-8285.764841196127,191.67800663335007
1.8900000000000001,9.017035426730079,5117894.834326103,1273105.835862141,4.514742392572676,1.2871137261026615,3.5084948504726055,0.1100142885039037,5.780164368906084,0.0024838355842179026,1.5229183097400163,-8288.296519747004,191.65798343614128
1.9000000000000001,8.971888002804352,5109606.537806356,1272448.5892315197,4.51185783194185,1.286803197663102,3.507103545757658,0.11006393080460958,5.777208916177036,0.0024821150352940797,1.5100502777633853,-8290.794076759368,191.63787999559648
1.9100000000000001,8.926769424484934,5101315.743729597,1271788.9008480872,4.508963563799199,1.286491195105883,3.505708034402349,0.11011353868406618,5.774242351745771,0.0024803939728300296,1.4971853658123264,-8293.258649425581,191.61769608904132
1.9200000000000002,8.881679788846942,5093022.485080171,1271126.7759058103,4.506059605263777,1.2861777191801669,3.5043083200067664,0.11016311213201781,5.771264700277452,0.002478672397581743,1.4843235886205248,-8295.691366015933,191.59741698014713
1.93,8.836619192794304,5084726.793714155,1270462.2194700572,4.503145972904312,1.2858627705609753,3.50290440592342,0.11021265113822099,5.768275985822828,0.0024769503101590875,1.471464960914915,-8298.09334658552,191.57705692315167
1.94,8.79158773306526,5076428.70036757,1269795.2364788528,4.500222682739596,1.2855463498488515,3.5014962952571445,0.1102621556924415,5.765276231973891,0.0024752277110255574,1.4586094974164265,-8300.465702453628,191.55661569180506
1.95,8.746585506237864,5068128.234665116,1269125.831742557,4.497289750236643,1.285228457569768,3.5000839908640446,0.11031162578445146,5.762265461656813,0.0024735046004984874,1.4457572128407288,-8302.809536783025,191.5360930585089
1.96,8.701612608735497,5059825.425128333,1268454.009944196,4.494347190309637,1.284909094174744,3.4986674953507793,0.11036106140402643,5.759243697225533,0.0024717809787487164,1.4329081218989814,-8305.125944809988,191.5154887948292
1.97,8.6566691368324,5051520.299183523,1267779.775636837,4.491395017318785,1.284588260039564,3.4972468110737847,0.11041046254094244,5.756210960420598,0.00247005684580044,1.4200622392985858,-8307.416013590991,191.49478807444885
1.98,8.611755186659213,5043212.883169932,1267103.1332464973,4.488433245070696,1.2842659554644815,3.4958219401391606,0.11045982918497306,5.753167272548231,0.0024683322015310338,1.4072195797439409,-8309.680822463706,191.47401984121112
1.99,8.566870854208506,5034903.202347469,1266424.0870699782,4.485461886815343,1.283942180674117,3.4943928844010794,0.11050916132588648,5.7501126541429395,0.0024666070456712515,1.3943801579371997,-8311.9214433413,191.45315465478902
2.0,8.522016235340352,5026591.280904127,1265742.6412753242,4.48248095524643,1.2836169358169145,3.492959645461653,0.11055845895344257,5.747047125273789,0.0024648813778045723,1.3815439885790306,-8314.138940257952,191.43220687430386
2.01,8.477191425787888,5018277.141963869,1265058.7999003674,4.4794904624996725,1.2832902209650336,3.4915222246698923,0.11060772205738992,5.743970705384338,0.002463155197367387,1.3687110863693803,-8316.334370271303,191.41117626908795
2.02,8.432396521162891,5009960.807593598,1264372.566854215,4.476490420152486,1.2829620361139726,3.4900806231212775,0.11065695062746289,5.740883413407754,0.0024614285036486648,1.3558814660082406,-8318.508783207275,191.3900479210124
2.03,8.387631616961366,5001642.298810391,1263683.945916113,4.473480839221915,1.2826323811823679,3.488634841656553,0.11070614465337869,5.737785267586309,0.002459701295789959,1.343055142196417,-8320.663221698254,191.36885093558772
2.04,8.342896808569147,4993321.6355886925,1262992.9407354523,4.470461730163812,1.2823012560115679,3.4871848808610686,0.11075530412483439,5.734676285629387,0.0024579735727849796,1.3302321296363013,-8322.798721835949,191.34755569676568
2.05,8.298192191267509,4984998.836866857,1262299.5548310142,4.46743310287168,1.281968660365363,3.4857307410639558,0.11080442903150398,5.73155648464257,0.0024562453334794664,1.3174124430326477,-8324.916312719695,191.3261766444246
2.0599999999999996,8.253517860238793,4976673.920554137,1261603.79159143,4.464394966675571,1.2816345939296727,3.4842724223373316,0.11085351936303539,5.728425881172897,0.0024545165765709745,1.304596097093351,-8327.017017148435,191.30471353734058
2.07,8.208873910572036,4968346.903536988,1260905.6542747975,4.461347330340465,1.281299056312236,3.4828099244952733,0.11090257510904757,5.725284491132929,0.002452787300608673,1.2917831065302285,-8329.101851462387,191.2831513666662
2.0799999999999996,8.16426043726863,4960017.801685526,1260205.1460072987,4.458290202064957,1.2809620470422316,3.481343247092915,0.11095159625912743,5.722132329850626,0.002451057503993005,1.2789734860598063,-8331.171825833619,191.26151940356195
2.09,8.11967753524798,4951686.629859692,1259502.2697840214,4.455223589480631,1.2806235655699387,3.479872389425833,0.11100058280282693,5.718969412129174,0.0024493271849754237,1.2661672504041068,-8333.227944341488,191.23978785245953
2.0999999999999996,8.075125299353173,4943353.401915351,1258797.028468888,4.452147499649952,1.280283611266483,3.478397350528798,0.1110495347296601,5.715795752110657,0.002447596341658295,1.253364414291442,-8335.271205194294,191.21797123341463
2.11,8.030603824356673,4935018.130710157,1258089.4247936006,4.449061939064688,1.2799421834233862,3.4769181291747393,0.11109845202909999,5.712611363328409,0.0024458649719944223,1.2405649924572082,-8337.302600917406,191.19606929845918
2.1199999999999997,7.986113204966026,4926680.828109239,1257379.461357866,4.445966913644801,1.2795992812521848,3.475434723873902,0.11114733469057572,5.709416258765678,0.0024441330737867044,1.2277689996446863,-8339.323118546978,191.17408179861812
2.13,7.941653535829578,4918341.504990692,1256667.1406281504,4.442862428736764,1.2792549038841083,3.4739471328727607,0.11119618270346948,5.706210450775446,0.0024424006446879046,1.2149764506058451,-8341.333739452995,191.15200848335078
2.1399999999999997,7.89722491154221,4910000.171251239,1255952.4649384143,4.4397484891123,1.278909050369677,3.4724553541531065,0.1112449960571135,5.70299395116928,0.002440667682200269,1.2021873601021484,-8343.33544009924,191.12983421000922
2.15,7.852827426651087,4901656.83581114,1255235.4364897704,4.436625098966159,1.278561719678353,3.4709593854307084,0.111293774740787,5.699766771093326,0.0024389341836752467,1.189401742905365,-8345.329191799276,191.1075735804987
2.1599999999999997,7.808461175661426,4893311.506619341,1254516.0573496323,4.433492261914496,1.2782129106980669,3.4694592241542273,0.11134251874371326,5.696528921092196,0.002437200146312972,1.1766196137983842,-8347.315960811451,191.08522634019945
2.17,7.764126253042281,4884964.190658529,1253794.3294513894,4.430349980993328,1.2778626222348173,3.467954867504165,0.1113912280550565,5.693280411138643,0.0024354655671618816,1.163840987576036,-8349.296708787791,191.0627922335971
2.1799999999999997,7.719822753232348,4876614.8939497415,1253070.3561830074,4.427198258656652,1.277510853012278,3.466446312391654,0.11143990266391886,5.690021250599072,0.002433730443118355,1.1510658790459132,-8351.27239286527,191.040261678091
2.19,7.675550770645781,4868263.621556876,1252344.0289223974,4.4240370344717155,1.2771576016713593,3.464933528619447,0.11148854255933738,5.686745137613197,0.0024319947709262623,1.1382943030291997,-8353.24396565929,191.0176380922964
2.1999999999999997,7.631310400301064,4859910.377591217,1251615.349947054,4.420866377251736,1.2768028586783335,3.4634165416318736,0.11153714772997289,5.683465162176278,0.0024302585317753237,1.1255262744424164,-8355.212239157408,190.99494182704362
2.21,7.587101736528547,4851555.1653520595,1250884.3213350838,4.417686287241615,1.2764466312702705,3.4618953473316316,0.11158571816474894,5.6801745212096435,0.0024285217388020533,1.1127618081297137,-8357.178325504996,190.97214264016955
2.2199999999999998,7.542924873656131,4843197.9870265545,1250150.9449689467,4.414496764144322,1.2760889177792998,3.4603699413674835,0.1116342538525125,5.676873224965381,0.0024267843881777677,1.1000009189519206,-8359.143139237538,190.9492402129805
2.23,7.498779906014687,4834838.843887317,1249415.2225408123,4.411297807103863,1.275729716459097,3.4588403191264985,0.11168275478203112,5.673561282894009,0.0024250464759312486,1.0872436217873296,-8361.107620238326,190.9262643366219
2.2399999999999998,7.454666927943649,4826477.736267079,1248677.1555573454,4.408089414701681,1.2753690254824772,3.4573064757320857,0.11173122094199,5.670238703523327,0.0024233079979445226,1.0744899315325047,-8363.072700357065,190.90318465305015
2.25,7.410586033796632,4818114.663566722,1247936.7453419985,4.404871584950915,1.2750068429407222,3.455768406041082,0.11177965232098905,5.666905494488107,0.0024215689499519468,1.0617398631030974,-8365.039308981039,190.88001593237146
2.26,7.366537317947122,4809749.624257741,1247193.993041688,4.4016443152926845,1.2746431668426308,3.454226104641712,0.11182804890753982,5.663561662677674,0.002419829327538768,1.0489934314346712,-8367.008371991105,190.85675790541774
2.27,7.322520874794195,4801382.615885749,1246448.8996272276,4.39840760258931,1.2742779951138268,3.452679565850217,0.11187641069006263,5.6602072139568556,0.0024180891261401786,1.0362506514835328,-8368.980812396854,190.83341020930035
2.28,7.278536798768302,4793013.635073353,1245701.465896036,4.3951614431213235,1.2739113255956633,3.45112878370911,0.11192473765688342,5.656842153546563,0.002416348341039605,1.0235115382275761,-8370.957550399005,190.809972519353
2.29,7.234585184337089,4784642.677522954,1244951.6924772398,4.391905832582996,1.273543156044618,3.4495737519847727,0.11197302979623078,5.653466485877722,0.002414606967367932,1.01077610666713,-8372.939503552392,190.78642955025143
2.3,7.1906661260112585,4776269.738019401,1244199.5798283324,4.388640766076389,1.273173484131492,3.4480144641644204,0.11202128709623282,5.650080214435059,0.0024128650001023575,0.998044371825815,-8374.927586734295,190.7627961577473
2.31,7.146779718350495,4767894.810432667,1243445.1282435127,4.38536623811023,1.2728023074404116,3.446450913455136,0.11206950954491413,5.6466833422781955,0.0024111224340648747,0.9853163487514108,-8376.92271281965,190.73905685893794
2.32,7.102926055969393,4759517.887719847,1242688.3378518864,4.382082242591814,1.2724296234684545,3.4448830927798717,0.11211769713019257,5.643275871308047,0.002409379263921942,0.9725920525167263,-8378.925792194903,190.71523561048346
2.3299999999999996,7.059105233543475,4751138.961927652,1241929.2086191732,4.37878877282469,1.2720554296243658,3.4433109947759593,0.11216584983987622,5.639857802891703,0.0024076354841824268,0.9598714982204827,-8380.937733633444,190.69131175377288
2.34,7.0153173458152285,4742758.024194019,1241167.7403502169,4.375485821504488,1.27167972322802,3.441734611792786,0.11221396766166016,5.636429137639741,0.002405891089196971,0.9471547009882024,-8382.959443723783,190.66729872613567
2.3499999999999996,6.971562487600184,4734375.064750295,1240403.9326894195,4.372173380713667,1.2713025015096426,3.4401539358890187,0.11226205058312329,5.6329898753501055,0.0024041460731568957,0.934441675973106,-8384.991827821359,190.6431938405325
2.36,6.927840753793047,4725990.072922474,1239637.7851218646,4.368851441917974,1.2709237616088804,3.438568958830536,0.11231009859172514,5.62954001513211,0.0024024004300928314,0.9217324383570172,-8387.035789388232,190.61898150809486
2.3699999999999997,6.884152239373868,4717603.037133086,1238869.29763409,4.365519995961678,1.270543500574096,3.4369796720878343,0.11235811167480261,5.626079555358367,0.0024006541538737648,0.9090270033512763,-8389.092231183313,190.594676709782
2.38,6.840497039414251,4709213.944901902,1238098.4686790172,4.362179032647844,1.2701617153614968,3.4353860666536797,0.11240608981956673,5.622608452062577,0.0023989072382057824,0.8963253861976613,-8391.162054333836,190.57027915865945
2.3899999999999997,6.796875249087772,4700822.782847568,1237325.2972724559,4.358828542015585,1.2697784027799033,3.4337881335956957,0.1124540330130973,5.61912678839979,0.002397159676528188,0.8836276021698622,-8393.246158453636,190.545773201802
2.4,6.753286963667616,4692429.536689115,1236549.782272356,4.355468513016712,1.269393559657751,3.432185863482796,0.11250194124234388,5.615634515747375,0.0023954114623292973,0.8709336665732847,-8395.345444553532,190.52117387436454
2.4099999999999997,6.709732278537449,4684034.191244561,1235771.9223796297,4.352098933965002,1.2690071826695943,3.4305792465791103,0.11254981449412026,5.612131629663776,0.0023936625888190217,0.8582435947465888,-8397.460811576806,190.4964811240895
2.42,6.666211289197799,4675636.730432984,1234991.7161391138,4.348719792531273,1.268619268394633,3.4289682728412565,0.11259765275510106,5.608618124963558,0.0023919130490398996,0.8455574020626425,-8399.593158400618,190.4716785479075
2.4299999999999997,6.622724091272486,4667237.137274584,1234209.1619377856,4.345331075738331,1.2682298133158014,3.4273529319155585,0.11264545601181837,5.605093995702269,0.002390162835865773,0.8328751039294845,-8401.74338375032,190.44678189002255
2.44,6.579270780515103,4658835.3938908335,1233424.258006008,4.341932769957521,1.267838813818836,3.425733213135952,0.11269322425065838,5.601559235344294,0.002388411942000425,0.8201967157912962,-8403.912386395037,190.42179064588325
2.4499999999999997,6.535851452815528,4650431.481504438,1232637.0024180566,4.338524860903352,1.2674462661915433,3.4241091055210333,0.11274095745785791,5.598013836567047,0.0023866603599766037,0.8075222531293808,-8406.101065168157,190.3966890311717
2.46,6.492466204206495,4642025.38043927,1231847.3930908744,4.335107333628107,1.26705216662282,3.422480597771102,0.112788655619501,5.5944577912998845,0.0023849080821545725,0.7948517314631526,-8408.310319608077,190.3714935971779
2.4699999999999998,6.449115130870213,4633617.070119662,1231055.4277843493,4.331680172517884,1.2666565112016575,3.4208476782658015,0.11283631872151541,5.590891090829916,0.0023831551007206446,0.782185166351136,-8410.541049527004,190.34620122493868
2.48,6.405798329145035,4625206.529070135,1230261.1041181239,4.3282433612871145,1.2662592959163352,3.4192103350610985,0.11288394674966913,5.587313725701017,0.002381401407686066,0.7695225733919726,-8412.79415579699,190.3207974756027
2.4899999999999998,6.362515895532163,4616793.734914338,1229464.4195173034,4.324796882962586,1.265860516653408,3.4175685558816786,0.11293153968956685,5.583725684655629,0.00237964699488552,0.7568639682254386,-8415.07054020837,190.29528190412196
2.5,6.319267926702538,4608378.66437413,1228665.371268228,4.32134071991282,1.2654601691953058,3.415922328133049,0.11297909752664631,5.580126959137092,0.002377891853973024,0.7442093665334855,-8417.371105597354,190.2696876492435
2.51,6.276054519503409,4599961.2932685325,1227863.9564979274,4.317874853806676,1.265058249223899,3.41427163888287,0.1130266202461749,5.5765175363275015,0.002376135976429044,0.7315587840412465,-8419.69675651379,190.2439631738694
2.52,6.232875770965343,4591541.596512019,1227060.1721803003,4.314399265620878,1.2646547523147453,3.4126164748635364,0.1130741078332459,5.572897403949271,0.0023743793535500914,0.7189122365180991,-8422.048398857936,190.21815715042564
2.53,6.189731778309135,4583119.548113161,1226254.0151162595,4.310913935630041,1.264249673937767,3.4109568224671274,0.11312156027277491,5.569266548574473,0.002372621976450417,0.7062697397787214,-8424.426940467209,190.19222236892014
2.54,6.1466226389528344,4574695.121172694,1225445.8955628583,4.3074188434134575,1.2638430094556223,3.409292667747651,0.11316897754949609,5.565624957273487,0.002370863836059371,0.6936313096841652,-8426.83329112921,190.16620541531734
2.55,6.1035484505187,4566268.287881564,1224635.3614949665,4.303913700739894,1.263434754124278,3.407623880101663,0.11321635964795855,5.5619461879993715,0.0023691049231229023,0.6809969621429224,-8429.268362930045,190.14007466052053
2.56,6.060509313511301,4557839.019518634,1223822.4121762528,4.300398774999901,1.2630248678183025,3.4059505707727444,0.11326370655120029,5.558284970118327,0.0023673451620869787,0.6683667134647393,-8431.732319350354,190.11382970746374
2.57,6.017505325761302,4549407.287199284,1223007.0464560587,4.296874041634955,1.2626133837356963,3.40427272391083,0.11331101824349887,5.5546128121533895,0.002365584614929069,0.6557405796273823,-8434.227206715383,190.08748591446385
2.5799999999999996,5.974536585344953,4540973.059992569,1222189.262792133,4.293339475743761,1.2622002965434285,3.4025903234774617,0.11335829470892557,5.550929710705606,0.002363823271334497,0.643118576661948,-8436.753458449617,190.06102719989076
2.59,5.931603190587515,4532536.306534119,1221369.0592684788,4.289795051729105,1.261785600846578,3.400903353091285,0.1134055359313434,5.547235660616242,0.002362061120891792,0.6305007206534823,-8439.31220549997,190.03445317812597
2.5999999999999996,5.888705240070224,4524096.994328619,1220546.4336134193,4.286240743426509,1.2613692911413825,3.3992117960833945,0.1134527418944035,5.54353065487573,0.0023602981530050247,0.6178870277420685,-8441.90427734796,190.0077792656834
2.61,5.845842832635959,4515655.090051271,1219721.3832128006,4.28267652401995,1.2609513618319277,3.3975156354598592,0.11349991258154202,5.539814684748635,0.002358534356925437,0.6052775141237492,-8444.53064438887,189.9810051384289
2.6199999999999997,5.803016067395759,4507210.559406882,1218893.9051254338,4.279102366056883,1.2605318072186833,3.395814853907533,0.11354704797597662,5.536087739985623,0.0023567697217303342,0.5926721960515624,-8447.192218039185,189.95411462159777
2.63,5.76022504373519,4498763.367188843,1218063.9960940473,4.275518241416877,1.2601106215001563,3.394109433779584,0.11359414806070314,5.5323498086918645,0.0023550042363265624,0.5800710898365609,-8449.889943428338,189.92710732140347
2.6399999999999997,5.717469861321021,4490313.477245415,1217230.7035645451,4.271924121303916,1.2596877987684034,3.3923993570913606,0.11364121281849199,5.528600877575805,0.0023532378894424912,0.5674742118488768,-8452.624756142497,189.89998275353562
2.65,5.674750620107982,4481860.852489272,1216395.0527962367,4.268320598216147,1.2592633330076617,3.390684877265076,0.1136882422318845,5.524902030807709,0.002351470669625851,0.5548815785188002,-8455.3976030685,189.87314383435188
2.6599999999999997,5.632067414125821,4473405.454886204,1215557.0329363523,4.264706968303703,1.2588373006396782,3.3889656814576687,0.11373523628627091,5.521126685584678,0.0023497027193204196,0.5422932055124033,-8458.21133145038,189.8458199999102
2.67,5.589420344442784,4464947.243554753,1214716.6334297378,4.261083205395548,1.2584096061041725,3.387241752678824,0.11378219496346671,5.517340655056714,0.002347933859789885,0.5297091094513616,-8461.06384263467,189.8183780763249
2.6799999999999997,5.546809512388829,4456486.179712119,1213873.8439636722,4.257449281426274,1.2579802436674736,3.3855130730665883,0.11382911824507058,5.513543890049406,0.0023461640801932765,0.5171293070146868,-8463.957736155018,189.7908177018163
2.69,5.504235019574566,4448022.221975964,1213028.6544383443,4.253805167702089,1.2575492073258745,3.3837796244395437,0.1138760061124547,5.509736342723223,0.0023443933692057165,0.5045538149414281,-8466.893096827902,189.76313852136028
2.6999999999999997,5.461696967897545,4439555.328879136,1212181.0549290627,4.250150834226993,1.257116490973211,3.38204138800111,0.11392285854676133,5.505917966357019,0.002342621715331855,0.49198265003169606,-8469.871396898292,189.73488896175624
2.71,5.419195459555275,4431085.457482237,1211331.035655615,4.246486250100019,1.2566820883108596,3.3802983445121497,0.1139696755288961,5.502088715131792,0.002340849106738582,0.47941582914858744,-8472.893339563161,189.70696479259428
2.7199999999999998,5.376730597054275,4422612.564142674,1210478.5869528688,4.2428113833041605,1.2562459929000376,3.3785504741975063,0.11401645703952316,5.498248544126114,0.002339075531353185,0.46685336921958703,-8475.960077503696,189.6789363213902
2.73,5.334302483221233,4414136.6040651705,1209623.6992450147,4.239126200843701,1.255808198133236,3.3767977568049714,0.11406320305905938,5.494397409006277,0.0023373009768107153,0.4542952872382547,-8479.072509954683,189.65078709749392
2.7399999999999998,5.291911221212796,4405657.531555216,1208766.3630191777,4.23543066867232,1.2553686972519906,3.3750401715726723,0.11410991356766914,5.490535265953293,0.0023355254304877077,0.4417416002657348,-8482.231697925366,189.62253282021877
2.75,5.249556914526073,4397175.29985729,1207906.5688057095,4.231724751746405,1.2549274833368074,3.3732776972512677,0.11415658854525883,5.4866620716294605,0.0023337488794840243,0.4291923254323667,-8485.438614421524,189.5941408411447
2.76,5.207239667008609,4388689.861242869,1207044.3071531884,4.228008413996733,1.2544845493137573,3.37151031209038,0.11420322797147155,5.482777782812386,0.002331971310635727,0.4166474799392291,-8488.69429857377,189.5656430341216
2.77,5.164959582868641,4380201.166944295,1206179.5686130496,4.2242816183519105,1.2540398879501908,3.3697379938476963,0.1142498318256817,5.478882356711773,0.0023301927105077048,0.4041070810597272,-8491.999759501778,189.53700658673245
2.78,5.122716766685122,4371709.167184793,1205312.3437175748,4.2205443267240605,1.2535934918573486,3.367960719781506,0.11429640008698969,5.474975750376698,0.0023284130653991155,0.39157114614115374,-8495.35603853967,189.5082634603397
2.79,5.080511323417881,4363213.811146254,1204442.622967252,4.2167965000195435,1.2531453534879307,3.3661784666542,0.11434293273421647,5.471057921115368,0.002326632361339464,0.3790396926062744,-8498.764168443158,189.47939704962837
2.8,5.038343358417686,4354715.046977811,1203570.3968118778,4.213038098128692,1.2526954651370021,3.3643912107265495,0.11438942974589829,5.4671288259030675,0.0023248505840908736,0.36651273795490436,-8502.22520210594,189.45039064979414
2.81,4.996212977436399,4346212.821775705,1202695.6556390827,4.209269079929767,1.2522438189400913,3.3625989277582153,0.1144358911002812,5.463188421781241,0.002323067719145141,0.35399029976550345,-8505.740192933008,189.4212763248556
2.82,4.954120286637101,4337707.081582772,1201818.3897579422,4.205489403280586,1.2517904068731776,3.3608015930028112,0.11448231677531569,5.459236665383083,0.002321283751724306,0.3414723956967717,-8509.310209052637,189.39203732258545
2.8299999999999996,4.912065392604295,4329197.771373719,1200938.5893895642,4.201699025018015,1.25133522075103,3.35899918120642,0.11452870674865125,5.4552735132473575,0.0023194986667781563,0.32895904348926136,-8512.936324154958,189.36267303908852
2.84,4.870048402354115,4320684.835049564,1200056.24864767,4.197897900949134,1.2508782522265844,3.357191666602419,0.11457506099763091,5.4512989213664875,0.002317712448983667,0.3164502609669955,-8516.619624437764,189.33316686935208
2.8499999999999996,4.8280694233446235,4312168.215425126,1199171.3532143526,4.194085983148623,1.2504194927892025,3.3553790217209842,0.11462137949928576,5.447312584409974,0.002315925082742362,0.3039460660391035,-8520.36120419763,189.3035510601711
2.86,4.786128563513137,4303647.854220929,1198283.8930017946,4.1902632282680115,1.249958933401647,3.353561221043149,0.11466766223031594,5.443314997919564,0.002314136551508816,0.29144647670508705,-8524.162159735337,189.27379240432188
2.8699999999999997,4.744225931230457,4295123.692061193,1197393.8577883735,4.186429588968311,1.2494965656134944,3.351738237231383,0.114713909167113,5.439305835871942,0.0023123468398533803,0.2789515110489521,-8528.023625947535,189.24390680384985
2.88,4.7023616353407744,4286595.668435246,1196501.2372119476,4.182585016861928,1.2490323804123806,3.3499100424218042,0.11476012028573969,5.435285052525404,0.0023105559313343488,0.2664611872448283,-8531.946715499274,189.21389379522944
2.8899999999999997,4.660535785172155,4278063.7217197465,1195606.012674424,4.178729462487518,1.2485663686175121,3.3480766082117004,0.11480629556192425,5.4312526013962,0.0023087638092279847,0.2539755235586532,-8535.932580148801,189.18375291177287
2.9,4.61874849054728,4269527.789139598,1194708.1822483323,4.174862880818991,1.2480985208756894,3.3462379080866764,0.11485243497105468,5.427208965832197,0.0023069704565217685,0.24149453834989631,-8539.982360613532,189.15348368267013
2.9099999999999997,4.576999861739091,4260987.806778984,1193807.7350353156,4.170985214283741,1.2476288284015373,3.344393909934713,0.11489853848820034,5.423153001130333,0.002305175857282698,0.22901825006588095,-8544.09725129418,189.12306909714047
2.92,4.535290009596253,4252443.70952769,1192904.659974493,4.167096410214836,1.247157280693997,3.342544583734693,0.11494460608804907,5.419085228864474,0.0023033799924371875,0.21654667725894097,-8548.278378119692,189.09252516653012
2.9299999999999997,4.493619045494105,4243895.43114957,1191998.945815067,4.16319641480397,1.2466838678809347,3.3406898988910294,0.11499063774493122,5.415005599195221,0.00230158284410707,0.20407983858013162,-8552.52697666362,189.0618514092091
2.94,4.451987081346066,4235342.904172907,1191090.5811288748,4.15928517314928,1.246208579906198,3.338829824253215,0.11503663343281335,5.41091406280207,0.0022997843941064146,0.19161775278106966,-8556.84420797415,189.03103072742152
2.9499999999999997,4.410394229614573,4226786.0599649325,1190179.5542972668,4.155362629185603,1.2457314065353942,3.336964328083492,0.11508259312529241,5.406810568314573,0.0022979846239528303,0.17916043871571571,-8561.23132952489,189.00007919574253
2.96,4.368840603322717,4218224.828635408,1189265.853504503,4.151428725716884,1.2452523373458233,3.3350933780695553,0.1151285167955894,5.40269506392086,0.0022961835148495296,0.16670791534225748,-8565.689534644596,188.9692486458906
2.9699999999999998,4.327326316065548,4209659.139100763,1188349.4667317052,4.147483404361368,1.2447713617301612,3.333216941298723,0.11517440441654325,5.398567496977451,0.0022943810476927767,0.15426020172495586,-8570.220108385198,188.93776881006846
2.98,4.2858514820219344,4201088.918992378,1187430.3817498344,4.143526605577487,1.244288468888371,3.3313349842677162,0.11522025596060441,5.39442781391175,0.00229257720305763,0.14181731703607214,-8574.8242745623,188.9064048449516
2.9899999999999998,4.24441621596616,4192514.0947178155,1186508.5861147223,4.139558268607425,1.2438036478304821,3.329447472856018,0.11526607139982849,5.390275960316711,0.0022907719612037312,0.12937928055776732,-8579.5033509871,188.87487095422884
3.0,4.203020633280086,4183934.5913668284,1185584.0671620348,4.135578331504011,1.2433168873682485,3.3275543723360412,0.1153118507058697,5.386111880752476,0.0022889653020606087,0.11694611168408484,-8584.258590620942,188.84320727245344
3.01,4.161664849965046,4175350.3327762075,1184656.8120000686,4.131586731067263,1.2428281761180398,3.325655647343296,0.11535759384997438,5.381935518781828,0.0022871572052336857,0.10451782992290444,-8589.091349620372,188.81140956904585
3.02,4.120348982654373,4166761.241426587,1183726.8075049866,4.127583402878801,1.242337502491512,3.323751261889813,0.11540330080297413,5.377746817042648,0.002285347649987794,0.09209445489798931,-8594.002907739487,188.7794894022159
3.03,4.079073148625585,4158167.2385188476,1182794.0403150558,4.123568281227361,1.2418448546994898,3.321841179329337,0.11544897153527924,5.373545717126336,0.00228353661525502,0.07967600635099442,-8598.994666714687,188.747390019485
3.04,4.037837465813311,4149568.243852133,1181858.4968264827,4.119541299154537,1.2413502207411038,3.319925362375702,0.11549460601687155,5.369332159560319,0.0022817240796154286,0.06726250414358338,-8604.067928520963,188.71515581908744
3.05,3.9966420528217657,4140964.175923612,1180920.1631860747,4.115502388360471,1.2408535884091798,3.3180037730591336,0.1155402042172977,5.365106083754528,0.002279910021307696,0.054853968259491584,-8609.224151473027,188.68276992035254
3.06,3.955487028938161,4132354.951772139,1179979.0252881916,4.111451479274506,1.2403549452766474,3.3160763727556,0.11558576610566179,5.3608674281057995,0.0022780944182048506,0.04245041880672511,-8614.464649941307,188.6501483813685
3.07,3.9143725141454158,4123740.4871221976,1179035.068767287,4.107388500924718,1.239854278705277,3.3141431221269637,0.11563129165061842,5.356616129793859,0.002276277247831072,0.03005187601967234,-8619.79095761478,188.617520919892
3.08,3.8732986291361686,4115120.696164583,1178088.278994454,4.10331338105425,1.2393515758271363,3.3122039811705375,0.11567678082036499,5.352352124926973,0.002274458487328374,0.017658360261400975,-8625.204380819574,188.5846856605281
3.09,3.8322654953256263,4106495.4917837633,1177138.6410706239,4.099226045925358,1.2388468235595,3.3102589091300323,0.11572223358263468,5.348075348408232,0.0022726381134847515,0.005269892025805974,-8630.70656298101,188.55169480577013
3.0999999999999996,3.791273234866373,4097864.7852207823,1176186.1398241452,4.09512642052449,1.2383400085773575,3.308307864584466,0.11576764990468838,5.3437857339367945,0.0022708161026844843,-0.007113508059967601,-8636.2987579545,188.51854766869496
3.11,3.750321970661128,4089228.486462828,1175230.7598005943,4.091014428234693,1.2378311173403602,3.3063508053004775,0.11581302975330755,5.339483213948874,0.0022689924309583697,-0.019491819233371205,-8641.98279150296,188.48524456539047
3.1199999999999997,3.709411826378781,4080586.503671325,1174272.4852636985,4.086889991230484,1.2373201360473625,3.3043876884055408,0.11585837309478558,5.335167719764978,0.002267167073901142,-0.03186502059384483,-8647.759761557449,188.45178269222495
3.13,3.6685429264664764,4071938.7439097674,1173311.3001825714,4.082753029866369,1.2368070506891768,3.302418470113871,0.11590367989492097,5.330839181296585,0.002265340006769008,-0.044233091100736595,-8653.631842033006,188.4181531484161
3.1399999999999997,3.6277153961678126,4063285.1120677344,1172347.1882364845,4.078603463495808,1.2362918469643829,3.3004431060882644,0.1159489501190075,5.326497527267667,0.00226351120432617,-0.056596009570380426,-8659.599721520673,188.3843573735533
3.15,3.5869293615328544,4054625.5123462137,1171380.1327938444,4.07444120920156,1.2357745103898583,3.2984615508728647,0.11599418373182846,5.322142684971082,0.0022616806410481515,-0.06895375467427901,-8665.666334557347,188.35041223883496
3.1599999999999997,3.5461849494408386,4045959.8460116563,1170410.116929607,4.070266183649372,1.2352550261267559,3.2964737587157344,0.11603938069764454,5.317774580555554,0.0022598482908039804,-0.08130630493554657,-8671.83129456034,188.316715250149
3.17,3.505482287604345,4037288.014717096,1169437.123386859,4.066078300148054,1.2347333792322066,3.2944796822572937,0.11608454098019089,5.3133931385541855,0.0022580141273177787,-0.09365363872786864,-8678.099414767232,188.28204887831524
3.1799999999999997,3.4648215046028645,4028609.9153023288,1168461.1346207855,4.0618774732476695,1.234209554257163,3.2924792745760723,0.11612966454265956,5.308998282293133,0.0022561781234338167,-0.10599573427044026,-8684.467337158509,188.24760112438295
3.19,3.424202729870388,4019925.4479651703,1167482.1327118475,4.0576636111717415,1.2336835358730276,3.290472485813437,0.11617475134770483,5.304589933579525,0.002254340252263487,-0.11833256962917053,-8690.945062312298,188.21298345541865
3.1999999999999997,3.3836260937586706,4011234.502902858,1166500.0994961332,4.053436628397427,1.2331553078367854,3.2884592687798024,0.11621980135741071,5.300168012901061,0.002252500485294242,-0.13066412270753838,-8697.520380605944,188.1782019344908
3.21,3.3430917274746963,4002536.982522252,1165515.0163237462,4.049196423974506,1.2326248547093828,3.2864395692810793,0.11626481453332133,5.295732439101645,0.00225065879553084,-0.1429903712546322,-8704.219198230188,188.1432563242653
3.2199999999999998,3.302599763234951,3993832.763324022,1164526.8644734626,4.044942919664035,1.232092158889227,3.2844133431350966,0.11630979083636286,5.291283129802621,0.0022488151520772184,-0.1553112928435245,-8711.000480435323,188.1081461398951
3.23,3.262150334038311,3985121.7628435865,1163535.624375644,4.040675990780671,1.2315572058305502,3.282380525293566,0.1163547302269562,5.286820000502154,0.002246969529666287,-0.16762686490182999,-8717.944192861207,188.07283592571636
3.2399999999999998,3.221743574130504,3976403.8186507253,1162541.2770531597,4.03639559479567,1.2310199745714387,3.2803410872790923,0.11639963266478363,5.282342966377308,0.0022451218913718484,-0.1799370646475444,-8724.905808527023,188.03737718947653
3.25,3.1813796181825476,3967678.9128421983,1161543.8013224956,4.032101525225116,1.2304804553552369,3.2782949272078534,0.11644449810919885,5.277851938709531,0.002243272220760792,-0.19224186920109676,-8732.169231011067,188.00171685060246
3.26,3.1410586029302965,3958946.743611187,1160543.179325543,4.02779389571104,1.2299386158826426,3.2762420861945465,0.11648932651840573,5.273346831586723,0.0022414204603439037,-0.20454125535992318,-8739.177786112297,187.96588901088015
3.27,3.100780663973186,3950207.565825075,1159539.385222011,4.023472160071254,1.2293944677297775,3.2741823100639844,0.116534117851059,5.26882754893774,0.002239566632663214,-0.21683520003722095,-8747.071930546314,187.9298753562998
3.28,3.0605459423724737,3941460.4938945286,1158532.408921483,4.019137153947935,1.2288479318039645,3.27211596289789,0.11657887206296108,5.264294009850979,0.0022377105951044986,-0.2291236793552606,-8753.46537440084,187.89367500753147
3.29,3.0203545708329944,3932707.0285201278,1157522.2699248309,4.014786713839364,1.228299118833325,3.2700420658354026,0.11662358911397805,5.259746097235764,0.0022358525508483136,-0.24140667054359385,-8763.519778532907,187.8573046772312
3.3,2.9802067036946007,3923943.508741595,1156508.9309647814,4.010425315660824,1.2277477270965014,3.2679626138726596,0.11666826895302188,5.255179362849344,0.0022339919521916275,-0.2536841478145589,-8765.752154903486,187.82072826662858
3.31,2.9401024505379927,3915177.7565866914,1155492.2413540257,4.006042142592213,1.227194368331013,3.2658727485520456,0.11671291155130095,5.25060269747129,0.002232129913953585,-0.26595609149786903,-8786.52026511589,187.7839977689089
3.32,2.9000420291120705,3906391.2363215755,1154472.489897177,4.001662847015001,1.2266375486823018,3.263783962196393,0.11675751682570977,5.246011532351065,0.0022302637204408217,-0.27822246698469205,-8763.438918049913,187.7470061990259
3.33,2.8600254006419203,3897627.7974035256,1153448.8784824288,3.9972236124558007,1.2260807986574105,3.2616676150251704,0.11680208482156798,5.241405184689544,0.0022283997929107156,-0.29048327497126614,-8848.940269890241,187.7099650575848
3.34,2.8200531645173625,3888778.8571336353,1152423.3796927298,3.9928869758545593,1.2255153143263968,3.2595966472480695,0.11684661526418987,5.23678496298349,0.0022265221310941046,-0.3027384281145301,-8658.368076365441,187.67237656667365
3.3499999999999996,2.780124294758817,3880120.48905727,1151390.6603668127,3.9882235579109837,1.2249635178713212,3.2573782400619877,0.11689110869369672,5.232147251196211,0.002224671475342911,-0.3149880632932433,-9194.980528473388,187.63551960726858
3.36,2.740242059179707,3870925.5085287965,1150365.304197395,3.9844048708685658,1.2243661202314313,3.25553868008885,0.11693556349665918,5.22750098651426,0.002222740148123129,-0.3272317244955576,-7752.326358685736,187.59590157290833
3.3699999999999997,2.7003980104710217,3863173.1821701108,1149305.6747225306,3.9781200591140005,1.2238849733955006,3.2525898186039064,0.1169799839364221,5.222822005807419,0.0022210219881465096,-0.3394705742295126,-11887.897059302777,187.5630572293842
3.38,2.6606168098798815,3851285.285110808,1148334.4358436028,3.979055442036227,1.2230623229404038,3.2528870596471373,0.11702435766210409,5.218176383975635,0.0022186862840992906,-0.35170119745891665,261.5697471848689,187.51028412799738
3.3899999999999997,2.6208262554595194,3851546.854857993,1147364.0341442907,3.9750979199985883,1.2232381171167566,3.2509840334016387,0.11706872093753538,5.21337547693314,0.0022181637715649586,-0.36393357863008424,0.0,187.51558501199688
3.4,2.5810752762595337,3843674.965190868,1146394.2337658443,3.97113006162608,1.2227368326504142,3.2490758416617584,0.11711304922823697,5.2089750432616,0.0022164145350795188,-0.37616094695658836,0.0,187.4814457490919
3.4099999999999997,2.541363975643273,3835803.075523742,1145424.8176340053,3.9671520156911777,1.2222337228037812,3.2471625442567222,0.11715734250779428,5.204578401102236,0.0022146639778655814,-0.3883832841846262,0.0,187.44715438931715
3.42,2.501692455486361,3827931.1858566157,1144455.585927568,3.963163917892374,1.2217288052635078,3.245244195199616,0.11720160075044206,5.200184481875091,0.0022129121323887645,-0.40060057223726125,0.0,187.4127777862139
3.4299999999999997,2.4620608163074373,3820059.2961894623,1143486.35467041,3.9591658918893993,1.2212220959380218,3.243320843142767,0.11724582393099865,5.195792302043194,0.0022111590278297787,-0.4128127931966415,0.0,187.37817040921277
3.44,2.4224691573885435,3812187.4065223215,1142516.9544407234,3.9551580502560983,1.2207136090960957,3.2413925317969827,0.1172900120248055,5.1914009563072945,0.002209404690342805,-0.42501992928760246,0.0,187.3434296564816
3.4499999999999997,2.3829175768859825,3804315.5168551467,1141547.2291849952,3.951140495355185,1.220203357494445,3.2394593003165038,0.11733416500767137,5.18700961109391,0.002207649143293311,-0.4372219628625469,0.0,187.30854304388438
3.46,2.343406171932431,3796443.6271879775,1140577.035128235,3.947113320142945,1.2196913524948896,3.2375211836531865,0.1173782828558209,5.182617498764572,0.0022058924074763657,-0.4494188763874958,0.0,187.27351221185535
3.4699999999999998,2.3039350387310016,3788571.7375208754,1139606.2397739969,3.9430766089094234,1.2191776041721716,3.2355782128823614,0.11742236554584724,5.178223912291764,0.0022041345013174523,-0.4616106524292175,0.0,187.23832256902685
3.48,2.2645042726419073,3780699.8478537113,1138634.7209862827,3.9390304379589027,1.2186621214131612,3.2336304155024522,0.11746641305466839,5.1738282002698845,0.0022023754410571868,-0.4737972736433491,0.0,187.20298088299702
3.4899999999999998,2.225113968262318,3772827.9581865557,1137662.366145647,3.934974876234934,1.2181449120080852,3.2316778157102375,0.1175104253594868,5.169429762370153,0.002200615240921114,-0.48597872276342996,0.0,187.16746659245356
3.5,2.1857642194999687,3764956.0685194368,1136689.0713743246,3.9309099858957888,1.2176259827343372,3.229720434654297,0.11755440243775232,5.165028045230582,0.002198853913275665,-0.49815498259077334,0.0,187.13182919259546
3.51,2.146455119641011,3757084.1788522922,1135714.7408257008,3.926835822843615,1.2171053394336733,3.227758290668139,0.11759834426712776,5.160622538619899,0.00219709146877173,-0.5103260359851101,0.0,187.0960147166643
3.52,2.1071867614125748,3749212.2891851263,1134739.2860301593,3.922752437210018,1.2165829870832021,3.225791399484116,0.11764225082545729,5.156212771846588,0.002195327916476673,-0.5224918658559421,0.0,187.06005828455562
3.53,2.0679592370404745,3741340.399518002,1133762.6252945836,3.918659873802897,1.2160589298605493,3.2238197744303183,0.1176861220907372,5.151798310643438,0.0021935632639954582,-0.5346524551545476,0.0,187.02393927639997
3.54,2.0287726383024456,3733468.5098495455,1132784.6831515434,3.9145581725211254,1.2155331712038289,3.221843426613349,0.11772995804108884,5.147378754176488,0.002191797517582102,-0.5468077868665859,0.0,186.98764092281957
3.55,1.9896270565772343,3725596.620182159,1131805.389850958,3.9104473687280183,1.2150057138673327,3.2198623650828666,0.1177737586547337,5.142953732271999,0.0021900306822431005,-0.5589578440052593,0.0,186.95118556865916
3.56,1.9505225828899542,3717724.730514921,1130824.6808970226,3.906327493603206,1.2144765599716492,3.217876596986717,0.11781752390997031,5.138522903075932,0.0021882627618305442,-0.5711026096049757,0.0,186.91457171934528
3.57,1.9114593079539222,3709852.8408477786,1129842.496618831,3.9021985744602494,1.213945711050936,3.215886127710896,0.11786125378515291,5.13408595048293,0.002186493759129858,-0.5832420667154851,0.0,186.87785002811245
3.58,1.8724373222093196,3701980.95118062,1128858.781778289,3.8980606350426235,1.2134131680955627,3.213890961010035,0.11790494825867169,5.1296425823077785,0.002184723675938963,-0.5953761983964407,0.0,186.8409067426834
3.59,1.8334567158588932,3694109.0615135278,1127873.4852089074,3.893913695793779,1.2128789315918713,3.211891099126421,0.11794860730893453,5.125192528173451,0.0021829525131420507,-0.6075049877123595,0.0,186.80380253244974
3.5999999999999996,1.7945175789009555,3686237.1718467227,1126886.5594843547,3.8897577741058176,1.2123430015584453,3.209886542899599,0.11799223091435007,5.120735537799347,0.0021811802707768654,-0.619628417727944,0.0,186.76652020621887
3.61,1.7556200011598975,3678365.282179564,1125897.960613328,3.8855928845495225,1.2118053775795041,3.2078772918677583,0.11803581905331201,5.116271379332446,0.0021794069480966455,-0.631746471503739,0.0,186.7290800671936
3.6199999999999997,1.7167640723144022,3670493.392512441,1124907.6477590196,3.8814190390844447,1.211266058835801,3.2058633443603,0.11807937170418456,5.111799837884663,0.002177632543627409,-0.643859132092097,0.0,186.69142276341285
3.63,1.6779498819235577,3662621.502845275,1123915.582982653,3.8772362472535207,1.2107250441328294,3.2038446975835977,0.11812288884528896,5.107320714158226,0.0021758570552202466,-0.6559663825334253,0.0,186.65358959500247
3.6399999999999997,1.6391775194510225,3654749.6131781195,1122921.7310060177,3.873044516360526,1.2101823319269527,3.2018213476991413,0.11816637045489095,5.102833823081485,0.0021740804800997496,-0.6680682058526949,0.0,186.6155733783511
3.65,1.6004470742874173,3646877.7235110113,1121926.0589938248,3.8688438516347516,1.20963792034922,3.199793289896077,0.11820981651118911,5.098338992768234,0.002172302814908146,-0.680164585056187,0.0,186.57728630248127
3.6599999999999997,1.5617586357710698,3639005.8338438515,1120928.5363551776,3.8646342563823137,1.2090918072274612,3.1977605184578204,0.11825322699230403,5.093836063399178,0.0021705240557462367,-0.6922555031284616,0.0,186.5388440902262
3.67,1.5231122932072467,3631133.944176698,1119929.1433021687,3.8604157321237342,1.2085439901065842,3.195723026822578,0.11829660187626825,5.0893248861306715,0.0021687441982109965,-0.7043409430295274,0.0,186.50018759011198
3.6799999999999997,1.4845081358860095,3623262.0545095336,1118927.8437483765,3.856188271967123,1.2079944662670101,3.193680804562787,0.11833994114101686,5.084804716294061,0.0021669632374297287,-0.7164208876921976,0.0,186.4612630079895
3.69,1.4459462531663383,3615390.1648423863,1117924.6128433123,3.851951881513307,1.207443231790045,3.191633846903077,0.11838324476434456,5.080276676968396,0.0021651811663851066,-0.728495320010098,0.0,186.4220875311583
3.6999999999999997,1.4074267343512052,3607518.2751752464,1116919.4273246322,3.8477065576152216,1.2068902845014484,3.189582145048786,0.11842651272396848,5.0757399980393165,0.0021633979811963174,-0.7405642228551125,0.0,186.38261975889435
3.71,0.0,596791.0414496276,0.0,0.0,1.2063356209803366,0.0,0.11846974499748353,5.071194566915865,0.002161613675752454,-0.7526275790649158,0.0,186.34282895661843
